{
    "accuracy": 0.702,
    "precision": 0.7098293106050426,
    "recall": 0.702,
    "f1_score": 0.7012010148723788
}