{
    "accuracy": 0.529,
    "precision": 0.570208152396116,
    "recall": 0.529,
    "f1_score": 0.529987909462264
}